form	lemmaId	lemma	linkType	pos	via	note
aeraghyn	ayr.n	ayr	phillips	s. m.	ayraghyn	phillips-1610;questionable
ag	agh.x	agh	phillips	conj.	agh	phillips-1610;questionable
agayr	aggair.n	aggair	phillips	s. m.	aggair	phillips-1610;questionable
aghsan	oghsan.n	oghsan	phillips	s. f.	oghsan	phillips-1610;questionable
agid	aegid.n	aegid	phillips	s. m.	aegid	phillips-1610;questionable
agil	aggle.n	aggle	phillips	s. m.	aggle	phillips-1610;questionable
aglagh	agglagh.a	agglagh	phillips	a.	agglagh	phillips-1610;questionable
agney	aigney.n	aigney	phillips	s. f.	aigney	phillips-1610;questionable
agy	aegey.a	aegey	phillips	a. pl.	aegey	phillips-1610;questionable
agyl	aggle.n	aggle	phillips	s. m.	aggle	phillips-1610
akan	accan.n	accan	phillips	s. m.	accan	phillips-1610;questionable
anwn	annoon.a	annoon	phillips	a.	annoon	phillips-1610;questionable
aragh	arragh.a	arragh	phillips	a.	arragh	phillips-1610;questionable
aragh	arragh.n	arragh	phillips	s. f.	arragh	phillips-1610;questionable
aran	arran.n	arran	phillips	s. m.	arran	phillips-1610;questionable
are	arrey.n	arrey	phillips	s. m.	arrey	phillips-1610;questionable
argyd	argid.n	argid	phillips	s. m.	argid	phillips-1610;questionable
arkey	faarkey.v	faarkey	phillips	v.	aarkey	phillips-1610;questionable
arkey	n'aarkey.v	n'aarkey	phillips	v.	aarkey	phillips-1610;questionable
arkey	aarkey.n	aarkey	phillips	s.	aarkey	phillips-1610;questionable
arlw	aarloo.a	aarloo	phillips	a.	aarloo	phillips-1610;questionable
asygh	n'aas.v	n'aas	phillips	v.	aasagh	phillips-1610;questionable
asygh	faasagh.n	faasagh	phillips	s.	aasagh	phillips-1610;questionable
asyght	n'aas.v	n'aas	phillips	v.	aasagh	phillips-1610;questionable
asyght	faasagh.n	faasagh	phillips	s.	aasagh	phillips-1610;questionable
ayg	aeg.a	aeg	phillips	a.	aeg	phillips-1610;questionable
ayndw	ayn-doo.x	ayn-doo	phillips	p. p.	ayndoo	phillips-1610;questionable
aynsho	ayns.x	ayns	phillips	pre.	ayns	phillips-1610;questionable
ayrd	ard.n	ard	phillips	s. m.	ard	phillips-1610
ayrd	ard.a	ard	phillips	a.	ard	phillips-1610
aysygh	n'aas.v	n'aas	phillips	v.	aasagh	phillips-1610;questionable
aysygh	faasagh.n	faasagh	phillips	s.	aasagh	phillips-1610;questionable
aysyght	n'aas.v	n'aas	phillips	v.	aasagh	phillips-1610;questionable
aysyght	faasagh.n	faasagh	phillips	s.	aasagh	phillips-1610;questionable
baas	baase.n	baase	phillips	s. m.	baase	phillips-1610;questionable
banaght	bannaght.n	bannaght	phillips	s. m.	bannaght	phillips-1610;questionable
baniit	bannit.x	bannit	phillips	pt.	bannit	phillips-1610
banniit	bannit.x	bannit	phillips	pt.	bannit	phillips-1610;questionable
begg	beg.a	beg	phillips	a.	beg	phillips-1610;questionable
bilchyn	billey.n	billey	phillips	s. m.	biljyn	phillips-1610;questionable
bille	billey.n	billey	phillips	s. m.	billey	phillips-1610;questionable
bleyn	blein.n	blein	phillips	s. f.	blein	phillips-1610;questionable
boge	boggey.n	boggey	phillips	s. m.	boggey	phillips-1610;questionable
bogey	boggey.n	boggey	phillips	s. m.	boggey	phillips-1610
brishie	brishey.v	brishey	phillips	v.	brishey	phillips-1610;questionable
brishie	brishey.n	brishey	phillips	s. m.	brishey	phillips-1610;questionable
brist	brisht.x	brisht	phillips		brisht	phillips-1610;questionable
bwias	booise.n	booise	phillips	s. m.	booise	phillips-1610
bwiasoil	booisal.a	booisal	phillips	a.	booisal	phillips-1610;questionable
chew	cheu.n	çheu	phillips	s. f.	cheu	phillips-1610;questionable
cheyf	cheu.n	çheu	phillips	s. f.	cheu	phillips-1610;questionable
chiange	chengey.n	çhengey	phillips	s. f.	chengey	phillips-1610;questionable
chiit	cheet.v	çheet	phillips	v.	cheet	phillips-1610
chiw	chiu.a	çhiu	phillips	a.	chiu	phillips-1610;questionable
chiw	chiu.v	çhiu	phillips	v.	chiu	phillips-1610;questionable
chiw	chiu.n	çhiu	phillips	s. m.	chiu	phillips-1610;questionable
chynda	chyndaa.v	çhyndaa	phillips	v.	chyndaa	phillips-1610
chynda	chyndaa.n	çhyndaa	phillips	s. m.	chyndaa	phillips-1610
dawsyn	dauesyn.x	dauesyn	phillips	p. p.	dauesyn	phillips-1610;questionable
deifnid	diunid.n	diunid	phillips	s. m.	diunid	phillips-1610;questionable
deney	dooinney.n	dooinney	phillips	s. m.	deiney	phillips-1610;questionable
dobran	dobberan.v	dobberan	phillips	v.	dobberan	phillips-1610;questionable
dobran	dobberan.n	dobberan	phillips	s.f	dobberan	phillips-1610;questionable
dorghy	dorraghey.a	dorraghey	phillips	a.	dorraghey	phillips-1610;questionable
dorghys	dorraghys.n	dorraghys	phillips	s. m.	dorraghys	phillips-1610;questionable
drial	dreill.v	dreill	phillips	v.	dreill	phillips-1610;questionable
dthy	dty.x	dty	phillips	pro.	dty	phillips-1610
dw	dou.x	dou	phillips		dou	phillips-1610;questionable
dwin	dooin.x	dooin	phillips	p. p.	dooin	phillips-1610;questionable
dwin	dooin.v	dooin	phillips	v. i.	dooin	phillips-1610;questionable
dwisk	dooisht.v	dooisht	phillips	v.	dooisht	phillips-1610;questionable
dwisk	dooisht.a	dooisht	phillips	a.	dooisht	phillips-1610;questionable
dwitchym	tuitt.v	tuitt	phillips	v.	duittym	phillips-1610;questionable
dwitchym	tuittym.x	tuittym	phillips		duittym	phillips-1610;questionable
dwittym	tuitt.v	tuitt	phillips	v.	duittym	phillips-1610;questionable
dwittym	tuittym.x	tuittym	phillips		duittym	phillips-1610;questionable
dwyne	dooinney.n	dooinney	phillips	s. m.	dooinney	phillips-1610
dwyney	dooinney.n	dooinney	phillips	s. m.	dooinney	phillips-1610;questionable
dwyrt	dooyrt.v	dooyrt	phillips	v.	dooyrt	phillips-1610
dwysk	dooisht.v	dooisht	phillips	v.	dooisht	phillips-1610;questionable
dwysk	dooisht.a	dooisht	phillips	a.	dooisht	phillips-1610;questionable
eask	eayst.n	eayst	phillips	s. f.	eayst	phillips-1610;questionable
egnagh	ennagh.a	ennagh	phillips	a.	ennagh	phillips-1610;questionable
eis	eisht.x	eisht	phillips	adv.	eisht	phillips-1610;questionable
eish	eisht.x	eisht	phillips	adv.	eisht	phillips-1610
elle	elley.x	elley	phillips	pro. adv.	elley	phillips-1610;questionable
enyd	ynnyd.n	ynnyd	phillips	s. f.	ynnyd	phillips-1610;questionable
erbi	erbee.x	erbee	phillips		erbee	phillips-1610
erick	eairk.n	eairk	phillips	s. m.	eairk	phillips-1610;questionable
ern	er.x	er	phillips	pre.	er	phillips-1610
erson	son.x	son	phillips		son	phillips-1610
eshyin	eshyn.x	eshyn	phillips	pro.	eshyn	phillips-1610;questionable
eyl	eill.v	eill	phillips	v.	eill	phillips-1610;questionable
fackin	fakin.v	fakin	phillips	v.	fakin	phillips-1610;questionable
fallaghy	follaghey.v	follaghey	phillips	v.	follaghey	phillips-1610;questionable
falli	foll.v	foll	phillips	v.	follee	phillips-1610;questionable
fallsy	foalsey.a	foalsey	phillips	a.	foalsey	phillips-1610;questionable
fardayl	fardail.n	fardail	phillips	s. m.	fardail	phillips-1610;questionable
fe	fea.n	fea	phillips	s. m.	fea	phillips-1610;questionable
fei	fey.n	fey	phillips	s.	fey	phillips-1610;questionable
feyl	feill.n	feill	phillips	s. f.	feill	phillips-1610;questionable
feyr	faiyr.n	faiyr	phillips	s. f.	faiyr	phillips-1610;questionable
fiid	feed.n	feed	phillips	s.	feed	phillips-1610;questionable
fiir	feer.x	feer	phillips	adv.	feer	phillips-1610;questionable
flaghy	fliaghey.n	fliaghey	phillips	s. m.	fliaghey	phillips-1610;questionable
fodey	foddey.x	foddey	phillips	adv.	foddey	phillips-1610;questionable
fodey	foddey.a	foddey	phillips	a.	foddey	phillips-1610;questionable
fodiaght	foddiaght.n	foddiaght	phillips	s.	foddeeaght	phillips-1610;questionable
foost	foast.x	foast	phillips	adv.	foast	phillips-1610;questionable
foskilt	foshlit.x	foshlit	phillips		foshlit	phillips-1610;questionable
foskyl	foshl.v	foshl	phillips	v.	foshil	phillips-1610;questionable
foyst	foast.x	foast	phillips	adv.	foast	phillips-1610;questionable
fwil	fuill.v	fuill	phillips	v.	fuill	phillips-1610;questionable
fwil	fuill.n	fuill	phillips	s. f.	fuill	phillips-1610;questionable
fwill	fuill.v	fuill	phillips	v.	fuill	phillips-1610;questionable
fwill	fuill.n	fuill	phillips	s. f.	fuill	phillips-1610;questionable
fwo	fo.x	fo	phillips	pre.	fo	phillips-1610;questionable
fyss	fys.n	fys	phillips	s. m.	fys	phillips-1610;questionable
gannoil	gennal.a	gennal	phillips	a.	gennal	phillips-1610;questionable
gawsyn	dauesyn.x	dauesyn	phillips	p. p.	dauesyn	phillips-1610;questionable
gene	deiney.n	deiney	phillips	s.	gheiney	phillips-1610;questionable
ghasmedjyn	kesmad.n	kesmad	phillips	s.	chesmadyn	phillips-1610;questionable
ghass	chass.n	chass	phillips	s.	chass	phillips-1610;questionable
ghassrikys	chasherickys.n	chasherickys	phillips	s.	chasherickys	phillips-1610;questionable
ghassrikys	keck.v	keck	phillips	v.	chasherickys	phillips-1610;questionable
ghemmirk	kemmyrk.n	kemmyrk	phillips	s.	chemmyrk	phillips-1610;questionable
ghlyeshyn	chleaysh.n	chleaysh	phillips	s.	chleayshyn	phillips-1610;questionable
ghonick	honnick.v	honnick	phillips	v.	honnick	phillips-1610;questionable
ghora	choraa.n	choraa	phillips	s.	choraa	phillips-1610;questionable
ghorri	chorree.n	chorree	phillips	s.	chorree	phillips-1610;questionable
ghoud	choud.x	choud	phillips	adv.	choud	phillips-1610;questionable
ghowd	choud.x	choud	phillips	adv.	choud	phillips-1610
ghregg	chreg.n	chreg	phillips	s.	chreg	phillips-1610;questionable
ghwiliny	chooilleen.v	chooilleen	phillips	v.	chooilleeney	phillips-1610;questionable
ghwiliny	chooilleeney.n	chooilleeney	phillips	s.	chooilleeney	phillips-1610;questionable
ghwish	chooish.n	chooish	phillips	s.	chooish	phillips-1610;questionable
ghwmmel	chummal.n	chummal	phillips	s.	chummal	phillips-1610;questionable
ghwnaynt	chonaant.n	chonaant	phillips	s.	chonaant	phillips-1610;questionable
ghwne	chooney.n	chooney	phillips	s.	chooney	phillips-1610;questionable
ghwney	chooney.n	chooney	phillips	s.	chooney	phillips-1610;questionable
ghwyney	chooney.n	chooney	phillips	s.	chooney	phillips-1610;questionable
giin	nyn.x	nyn	phillips	pro.	nyn	phillips-1610;questionable
gimiaght	immeeaght.v	immeeaght	phillips	v.	gimmeeaght	phillips-1610;questionable
girri	irree.v	irree	phillips	v.	girree	phillips-1610;questionable
gloroil	gloyroil.a	gloyroil	phillips	a.	gloyroil	phillips-1610;questionable
gniart	niart.n	niart	phillips	s. m.	niart	phillips-1610
gniart	niart.v	niart	phillips	v.	niart	phillips-1610
gniartoil	niartal.a	niartal	phillips	a.	niartal	phillips-1610
goyms	goym.v	goym	phillips	v.	goym	phillips-1610;questionable
grasoil	graysoil.a	graysoil	phillips	a.	graysoil	phillips-1610;questionable
grayi	graih.n	graih	phillips	s. f.	graih	phillips-1610;questionable
gri	cree.n	cree	phillips	s.	gree	phillips-1610;questionable
grien	ghrian.n	ghrian	phillips	s.	ghrian	phillips-1610;questionable
gw	goo.n	goo	phillips	s. m.	goo	phillips-1610;questionable
gwrr	coyrt.v	coyrt	phillips	v.	goyrt	phillips-1610;questionable
gygh	gagh.x	gagh	phillips	pro.	gagh	phillips-1610;questionable
haglw	taggloo.v	taggloo	phillips	v.	haggloo	phillips-1610;questionable
hange	chengey.n	chengey	phillips	s.	hengey	phillips-1610;questionable
harnyn	ayrn.n	ayrn	phillips	s. m.	ayrnyn	phillips-1610;questionable
hatiwnyn	ashoon.n	ashoon	phillips	s. f.	ashoonyn	phillips-1610;questionable
hawalys	saualtys.n	saualtys	phillips	s.	haualtys	phillips-1610
hawayl	sauail.v	sauail	phillips	v.	hauail	phillips-1610;questionable
heiaghe	soiaghey.x	soiaghey	phillips		hoiaghey	phillips-1610;questionable
heiaghe	soiaghey.v	soiaghey	phillips	v.	hoiaghey	phillips-1610;questionable
heiaghy	soiaghey.x	soiaghey	phillips		hoiaghey	phillips-1610;questionable
heiaghy	soiaghey.v	soiaghey	phillips	v.	hoiaghey	phillips-1610;questionable
heidjyn	side.n	side	phillips	s.	hideyn	phillips-1610;questionable
hervaynt	sharvaant.n	sharvaant	phillips	s.	harvaant	phillips-1610
hiampyl	chiamble.n	chiamble	phillips	s.	hiamble	phillips-1610;questionable
hilge	tilgey.v	tilgey	phillips	v.	hilgey	phillips-1610;questionable
hilliy	shilley.v	shilley	phillips	v.	hilley	phillips-1610;questionable
hilliy	shilley.n	shilley	phillips	s.	hilley	phillips-1610;questionable
hilogh	sheeloghe.n	sheeloghe	phillips	s.	heeloghe	phillips-1610;questionable
hobraghyn	obbyr.n	obbyr	phillips	s. f.	obbraghyn	phillips-1610;questionable
hreisteel	treishteil.v	treishteil	phillips	v.	hreishteil	phillips-1610
hrogel	troggal.v	troggal	phillips	v.	hroggal	phillips-1610;questionable
hwg	hug.v	hug	phillips	v.	hug	phillips-1610;questionable
hwg	hug.x	hug	phillips	pre.	hug	phillips-1610;questionable
hwilyn	sooill.n	sooill	phillips	s.	hooillyn	phillips-1610;questionable
hyei	hie.v	hie	phillips	v.	hie	phillips-1610;questionable
hynda	chyndaa.v	chyndaa	phillips	v.	hyndaa	phillips-1610;questionable
hyrvaynt	sharvaant.n	sharvaant	phillips	s.	harvaant	phillips-1610;questionable
iarg	jiarg.a	jiarg	phillips	a.	jiarg	phillips-1610;questionable
iarg	jiarg.v	jiarg	phillips	v.	jiarg	phillips-1610;questionable
iarn	yiarn.n	yiarn	phillips	s. m.	yiarn	phillips-1610;questionable
iarn	yiarn.v	yiarn	phillips	v.	yiarn	phillips-1610;questionable
iarw	jarrood.v	jarrood	phillips	v.	yarrood	phillips-1610;questionable
iarwd	jarrood.v	jarrood	phillips	v.	yarrood	phillips-1610;questionable
ias	as.x	as	phillips	conj.	as	phillips-1610;questionable
iaskyr	astyr.v	astyr	phillips	v.	astyr	phillips-1610;questionable
ientysagh	yindyssagh.a	yindyssagh	phillips	a.	yindyssagh	phillips-1610;questionable
ientysagh	yindyssagh.n	yindyssagh	phillips	s. m.	yindyssagh	phillips-1610;questionable
ientyssagh	yindyssagh.a	yindyssagh	phillips	a.	yindyssagh	phillips-1610;questionable
ientyssagh	yindyssagh.n	yindyssagh	phillips	s. m.	yindyssagh	phillips-1610;questionable
ientyssyn	yindys.n	yindys	phillips	s. m.	yindyssyn	phillips-1610;questionable
ierish	earish.n	earish	phillips	s.	earish	phillips-1610;questionable
iew	yiow.x	yiow	phillips	p.	yiow	phillips-1610;questionable
ii	y.x	y	phillips		y	phillips-1610;questionable
immy	shimmey.a	shimmey	phillips	a.	shimmey	phillips-1610;questionable
iniin	inneen.n	inneen	phillips	s. f.	inneen	phillips-1610;questionable
ininyn	inneen.n	inneen	phillips	s. f.	inneenyn	phillips-1610;questionable
jaghyn	jeeaghyn.v	jeeaghyn	phillips	v.	jeeaghyn	phillips-1610;questionable
jallwnyn	jalloo.n	jalloo	phillips	s. m.	jallooyn	phillips-1610;questionable
jan	joan.n	joan	phillips	s. m.	joan	phillips-1610;questionable
jan	joan.v	joan	phillips	v.	joan	phillips-1610;questionable
jange	chengey.n	chengey	phillips	s.	jengey	phillips-1610;questionable
jant	jeant.x	jeant	phillips		jeant	phillips-1610;questionable
janw	jannoo.v	jannoo	phillips	v.	jannoo	phillips-1610
jarwd	jarrood.v	jarrood	phillips	v.	jarrood	phillips-1610;questionable
jarwd	jarrood.n	jarrood	phillips	s. m.	jarrood	phillips-1610;questionable
jass	jiass.x	jiass	phillips		jiass	phillips-1610;questionable
jeaghigi	jeeagh.v	jeeagh	phillips	v.	jeeagh	phillips-1610;questionable
jeaghigi	jeeagh.x	jeeagh	phillips	in.	jeeagh	phillips-1610;questionable
jeaghyn	jeeaghyn.v	jeeaghyn	phillips	v.	jeeaghyn	phillips-1610;questionable
jenid	chennid.n	chennid	phillips	s.	jennid	phillips-1610;questionable
jere	jerrey.n	jerrey	phillips	s. m.	jerrey	phillips-1610;questionable
jih	jeh.x	jeh	phillips	pro.	jeh	phillips-1610;questionable
jiragh	jeeragh.a	jeeragh	phillips	a.	jeeragh	phillips-1610;questionable
jit	cheet.n	cheet	phillips	s.	jeet	phillips-1610;questionable
jit	cheet.v	cheet	phillips	v.	jeet	phillips-1610;questionable
jogh	jough.n	jough	phillips	s. f.	jough	phillips-1610;questionable
kaban	cabbane.n	cabbane	phillips	s. m.	cabbane	phillips-1610;questionable
kabanyn	cabbane.n	cabbane	phillips	s. m.	cabbaneyn	phillips-1610;questionable
kabyl	cabbyl.n	cabbyl	phillips	s. m.	cabbyl	phillips-1610;questionable
kadly	cadley.v	cadley	phillips	v.	cadley	phillips-1610;questionable
kadly	cadley.n	cadley	phillips	s. m.	cadley	phillips-1610;questionable
kagey	caggey.n	caggey	phillips	s. m.	caggey	phillips-1610;questionable
kaid	caid.x	caid	phillips	adv.	caid	phillips-1610;questionable
kaidj	caid.x	caid	phillips	adv.	caid	phillips-1610;questionable
kasly	casley.a	casley	phillips	a.	casley	phillips-1610;questionable
kasserick	casherick.a	casherick	phillips	a.	casherick	phillips-1610;questionable
kayrys	cairys.n	cairys	phillips	s. m.	cairys	phillips-1610
kayrys	cairys.v	cairys	phillips	v.	cairys	phillips-1610
kedyn	cheddin.a	cheddin	phillips	a.	cheddin	phillips-1610;questionable
keindylys	kenjallys.n	kenjallys	phillips	s. m.	kenjallys	phillips-1610;questionable
kian	kione.n	kione	phillips	s. m.	kione	phillips-1610;questionable
kiangoyrt	kiongoyrt.x	kiongoyrt	phillips		kiongoyrt	phillips-1610;questionable
kientagh	kyndagh.x	kyndagh	phillips	conj.	kyndagh	phillips-1610;questionable
kientagh	kyndagh.a	kyndagh	phillips	a.	kyndagh	phillips-1610;questionable
kientagh	kyndagh.n	kyndagh	phillips	s. m.	kyndagh	phillips-1610;questionable
kirri	keyrrey.n	keyrrey	phillips	s. f.	kirree	phillips-1610;questionable
kiyrt	keayrt.x	keayrt	phillips	adv.	keayrt	phillips-1610;questionable
klaghyn	clagh.n	clagh	phillips	s. f.	claghyn	phillips-1610;questionable
klast	clasht.v	clasht	phillips	v.	clasht	phillips-1610;questionable
knaid	craid.n	craid	phillips	s. f.	craid	phillips-1610;questionable
knaid	craid.v	craid	phillips	v.	craid	phillips-1610;questionable
kora	coraa.n	coraa	phillips	s. f.	coraa	phillips-1610
korri	corree.n	corree	phillips	s. f.	corree	phillips-1610;questionable
korri	corree.a	corree	phillips	a.	corree	phillips-1610;questionable
kra	craa.v	craa	phillips	v.	craa	phillips-1610;questionable
kre	cre.x	cre	phillips	pro.	cre	phillips-1610;questionable
krinyght	creenaght.n	creenaght	phillips	s. f.	creenaght	phillips-1610;questionable
kwin	cooin.n	cooin	phillips	s.	cooin	phillips-1610;questionable
kwin	cooin.v	cooin	phillips	v.	cooin	phillips-1610;questionable
kwinaghtyn	cooinaghtyn.v	cooinaghtyn	phillips	v.	cooinaghtyn	phillips-1610;questionable
kwini	cooin.n	cooin	phillips	s.	cooinee	phillips-1610;questionable
kwnaynt	conaant.n	conaant	phillips	s. m.	conaant	phillips-1610;questionable
kwnaynt	conaant.v	conaant	phillips	v.	conaant	phillips-1610;questionable
kyns	kys.x	kys	phillips	adv.	kys	phillips-1610
la	laa.n	laa	phillips	s. m.	laa	phillips-1610
labbi	lhiabbee.n	lhiabbee	phillips	s. f.	lhiabbee	phillips-1610;questionable
laidjer	lajer.a	lajer	phillips	a.	lajer	phillips-1610;questionable
lattyssyns	slattys.n	slattys	phillips	s.	lattyssyn	phillips-1610;questionable
lawyn	laue.n	laue	phillips	s. f.	laueyn	phillips-1610
laym	lhiam.x	lhiam	phillips	p.	lhiam	phillips-1610;questionable
leid	lheid.x	lheid	phillips	pro.	lheid	phillips-1610;questionable
liam	lhiam.x	lhiam	phillips	p.	lhiam	phillips-1610;questionable
lianaghtyn	lhiantyn.v	lhiantyn	phillips	v.	lhiantyn	phillips-1610;questionable
lieny	lhieeney.n	lhieeney	phillips	s. m.	lhieeney	phillips-1610;questionable
lieu	lhieu.x	lhieu	phillips	p. p.	lhieu	phillips-1610;questionable
liey	lheie.v	lheie	phillips	v.	lheie	phillips-1610;questionable
lifre	livrey.v	livrey	phillips	v.	livrey	phillips-1610
lifree	livrey.v	livrey	phillips	v.	livrey	phillips-1610
lifrei	livrey.v	livrey	phillips	v.	livrey	phillips-1610;questionable
lig	lhig.v	lhig	phillips	v.	lhig	phillips-1610
ligge	lhiggey.v	lhiggey	phillips	v.	lhiggey	phillips-1610;questionable
liid	leeid.v	leeid	phillips	v.	leeid	phillips-1610;questionable
liidjeel	leeideil.v	leeideil	phillips	v.	leeideil	phillips-1610;questionable
lior	lioar.n	lioar	phillips	s. f.	lioar	phillips-1610;questionable
losky	lostey.v	lostey	phillips	v.	lostey	phillips-1610;questionable
loyr	loayr.v	loayr	phillips	v.	loayr	phillips-1610;questionable
loyrt	loayrt.v	loayrt	phillips	v.	loayrt	phillips-1610
luagh	leagh.n	leagh	phillips	s. m.	leagh	phillips-1610;questionable
mack	mac.n	mac	phillips	s. m.	mac	phillips-1610;questionable
magiyrt	mygeayrt.x	mygeayrt	phillips	pre.	mygeayrt	phillips-1610
managh	mannagh.x	mannagh	phillips	conj.	mannagh	phillips-1610;questionable
mar	myr.x	myr	phillips	conj.	myr	phillips-1610
margedyn	myrgeddin.x	myrgeddin	phillips	adv.	myrgeddin	phillips-1610;questionable
marshen	shen.x	shen	phillips	pro. adv.	shen	phillips-1610;questionable
maryms	marym.x	marym	phillips	p. p.	marym	phillips-1610;questionable
masky	mastey.v	mastey	phillips	v.	mastey	phillips-1610
masky	mastey.x	mastey	phillips		mastey	phillips-1610
meck	mec.n	mec	phillips	s. pl.	mec	phillips-1610;questionable
meid	mayd.x	mayd	phillips	pro.	mayd	phillips-1610
meiys	mieys.n	mieys	phillips	s. f.	mieys	phillips-1610;questionable
meliyn	meil.n	meil	phillips	s. f.	meillyn	phillips-1610;questionable
meyn	mean.n	mean	phillips	s. m.	mean	phillips-1610;questionable
mi	my.x	my	phillips	conj.	my	phillips-1610;questionable
milchyn	billey.n	billey	phillips	s. m.	biljyn	phillips-1610;questionable
moligi	moylley.v	moylley	phillips	v.	moylley	phillips-1610;questionable
moligi	moylley.n	moylley	phillips	s. f.	moylley	phillips-1610;questionable
molligi	moylley.v	moylley	phillips	v.	moylley	phillips-1610;questionable
molligi	moylley.n	moylley	phillips	s. f.	moylley	phillips-1610;questionable
mrishie	brishey.v	brishey	phillips	v.	vrishey	phillips-1610;questionable
mwary	mooarey.a	mooarey	phillips	a. pl.	mooarey	phillips-1610;questionable
nabw	naboo.n	naboo	phillips	s. m.	naboo	phillips-1610;questionable
naghtyn	smooinaght.n	smooinaght	phillips	s. m.	smooinaghtyn	phillips-1610;questionable
nan	nyn.x	nyn	phillips	pro.	nyn	phillips-1610
nare	nearey.n	nearey	phillips	s. f.	nearey	phillips-1610;questionable
nas	na.x	na	phillips	adv.	na	phillips-1610;questionable
nasmw	smoo.a	smoo	phillips	a.	smoo	phillips-1610;questionable
neawaghyn	niau.n	niau	phillips	s. m.	niaughyn	phillips-1610;questionable
neawghyn	niau.n	niau	phillips	s. m.	niaughyn	phillips-1610;questionable
niist	neesht.x	neesht	phillips	adv.	neesht	phillips-1610;questionable
noidj	noid.n	noid	phillips	s. m.	noid	phillips-1610;questionable
noidjyn	noid.n	noid	phillips	s. m.	noidyn	phillips-1610
noidjyns	noid.n	noid	phillips	s. m.	noidyn	phillips-1610;questionable
noll	doll.v	doll	phillips	v.	n'gholl	phillips-1610;questionable
nwaghyn	noo.n	noo	phillips	s. m.	nooghyn	phillips-1610;questionable
nwyn	noo.n	noo	phillips	s. m.	nooghyn	phillips-1610;questionable
nyoi	noi.x	noï	phillips	pre. & p. p.	noi	phillips-1610;questionable
obyr	obbyr.n	obbyr	phillips	s. f.	obbyr	phillips-1610;questionable
odys	fodd.v	fodd	phillips	v.	oddys	phillips-1610;questionable
oeyr	oyr.n	oyr	phillips	s. m.	oyr	phillips-1610;questionable
oneyr	onnor.n	onnor	phillips	s. m.	onnor	phillips-1610;questionable
oranyn	arrane.n	arrane	phillips	s. m.	arraneyn	phillips-1610;questionable
orw	orroo.x	orroo	phillips	p. p.	orroo	phillips-1610;questionable
orwin	orrin.x	orrin	phillips	p. p.	orrin	phillips-1610;questionable
orwiniyn	orrin.x	orrin	phillips	p. p.	orrin	phillips-1610;questionable
ory	orrym.x	orrym	phillips	p. p.	orrym	phillips-1610;questionable
orym	orrym.x	orrym	phillips	p. p.	orrym	phillips-1610;questionable
oryms	orrym.x	orrym	phillips	p. p.	orrym	phillips-1610;questionable
owrel	oural.n	oural	phillips	s. m.	oural	phillips-1610;questionable
payrt	paart.n	paart	phillips	s. m.	paart	phillips-1610;questionable
pobyl	pobble.n	pobble	phillips	s. m.	pobble	phillips-1610
pwer	pooar.n	pooar	phillips	s. m.	pooar	phillips-1610;questionable
quei	quoi.x	quoi	phillips	pro.	quoi	phillips-1610
radjyn	raaidyn.n	raaidyn	phillips	s. pl.	raaidyn	phillips-1610;questionable
rayd	raad.n	raad	phillips	s. m.	raad	phillips-1610
rayd	raad.x	raad	phillips	adv.	raad	phillips-1610
rayd	raad.v	raad	phillips	v.	raad	phillips-1610
raydjyn	raaidyn.n	raaidyn	phillips	s. pl.	raaidyn	phillips-1610;questionable
raydjyns	raaidyn.n	raaidyn	phillips	s. pl.	raaidyn	phillips-1610;questionable
redyn	red.n	red	phillips	s. m.	reddyn	phillips-1610
reel	reill.v	reill	phillips	v.	reill	phillips-1610;questionable
reel	reill.n	reill	phillips	s. m.	reill	phillips-1610;questionable
riaghyn	ree.n	ree	phillips	s. m.	reeaghyn	phillips-1610;questionable
ribbe	ribbeh.n	ribbeh	phillips	s. f.	ribbeh	phillips-1610;questionable
riiaghyn	ree.n	ree	phillips	s. m.	reeaghyn	phillips-1610;questionable
riist	reesht.x	reesht	phillips	adv.	reesht	phillips-1610
rikortyn	recortys.n	recortys	phillips	s. f.	recortyssyn	phillips-1610;questionable
rikortyns	recortys.n	recortys	phillips	s. f.	recortyssyn	phillips-1610;questionable
ririyght	reeriaght.n	reeriaght	phillips	s. m.	reeriaght	phillips-1610;questionable
roschyn	roshtyn.v	roshtyn	phillips	v.	roshtyn	phillips-1610;questionable
royds	royd.x	royd	phillips	p. p.	royd	phillips-1610;questionable
rtyn	cooyrt.n	cooyrt	phillips	s.	cooyrtyn	phillips-1610;questionable
sawalys	saualtys.n	saualtys	phillips	s. f.	saualtys	phillips-1610;questionable
sawchey	sauchey.a	sauçhey	phillips	a.	sauchey	phillips-1610;questionable
sawn	son.x	son	phillips		son	phillips-1610;questionable
schiagh	stiagh.x	stiagh	phillips	adv.	stiagh	phillips-1610;questionable
shaghran	shaghryn.v	shaghryn	phillips	v.	shaghryn	phillips-1610;questionable
shaght	shiaght.a	shiaght	phillips	a.	shiaght	phillips-1610;questionable
shayr	share.a	share	phillips	a.	share	phillips-1610;questionable
shayr	share.v	share	phillips	v.	share	phillips-1610;questionable
shessaght	sheshaght.n	sheshaght	phillips	s.	sheshaght	phillips-1610;questionable
shii	shee.n	shee	phillips	s. f.	shee	phillips-1610;questionable
shiis	sheese.x	sheese	phillips	adv.	sheese	phillips-1610
shilogh	sheeloghe.n	sheeloghe	phillips	s. m.	sheeloghe	phillips-1610;questionable
shiuss	shiu.x	shiu	phillips		shiuish	phillips-1610;questionable
shiusse	shiu.x	shiu	phillips		shiuish	phillips-1610
sho	shoh.x	shoh	phillips	adv.	shoh	phillips-1610
shwin	shin.x	shin	phillips	pro.	shin	phillips-1610
shyirre	shirrey.v	shirrey	phillips	v.	shirrey	phillips-1610;questionable
shyirre	shirrey.n	shirrey	phillips	s. m.	shirrey	phillips-1610;questionable
ska	scaa.n	scaa	phillips	s. m.	scaa	phillips-1610;questionable
ska	scaa.x	scaa	phillips		scaa	phillips-1610;questionable
skely	skeayley.v	skeayley	phillips	v.	skeayley	phillips-1610;questionable
skorniagh	scoarnagh.n	scoarnagh	phillips	s. f.	scoarnagh	phillips-1610;questionable
skwghey	scughey.v	scughey	phillips	v.	scughey	phillips-1610;questionable
skwghey	scughey.n	scughey	phillips	s. m.	scughey	phillips-1610;questionable
slani	slaanee.a	slaanee	phillips	a. d.	slaanee	phillips-1610;questionable
slechyn	sleityn.n	sleityn	phillips	s. pl.	sleityn	phillips-1610;questionable
sly	sleih.n	sleih	phillips	s. m.	sleih	phillips-1610;questionable
slyei	sleih.n	sleih	phillips	s. m.	sleih	phillips-1610;questionable
smw	smoo.a	smoo	phillips	a.	smoo	phillips-1610
smwnaghtyn	smooinaght.n	smooinaght	phillips	s. m.	smooinaghtyn	phillips-1610;questionable
smwni	smooinee.v	smooinee	phillips	v.	smooinee	phillips-1610;questionable
snaggerni	snaggeragh.v	snaggeragh	phillips	v.	snaggeraght	phillips-1610;questionable
snaghti	sniaghtee.a	sniaghtee	phillips	a. d.	sniaghtee	phillips-1610;questionable
soilshe	soilshey.n	soilshey	phillips	s. m.	soilshey	phillips-1610
soje	sodjey.a	sodjey	phillips	a.	sodjey	phillips-1610;questionable
spyryd	spyrryd.n	spyrryd	phillips	s. m.	spyrryd	phillips-1610;questionable
stei	sthie.x	sthie	phillips	adv.	sthie	phillips-1610;questionable
strwi	stroie.v	stroie	phillips	v.	stroie	phillips-1610;questionable
strwiel	stroie.v	stroie	phillips	v.	stroie	phillips-1610;questionable
strwiyms	stroie.v	stroie	phillips	v.	stroie	phillips-1610;questionable
sty	sthie.x	sthie	phillips	adv.	sthie	phillips-1610;questionable
styei	sthie.x	sthie	phillips	adv.	sthie	phillips-1610;questionable
swilyn	sooill.n	sooill	phillips	s. f.	sooillyn	phillips-1610;questionable
syaghyn	seaghin.n	seaghin	phillips	s. m.	seaghyn	phillips-1610;questionable
taglw	taggloo.v	taggloo	phillips	v.	taggloo	phillips-1610;questionable
taglw	taggloo.n	taggloo	phillips	s.	taggloo	phillips-1610;questionable
tallw	thalloo.n	thalloo	phillips	s. m.	thalloo	phillips-1610
tallwin	thallooin.a	thallooin	phillips	a. d.	thallooin	phillips-1610;questionable
talw	thalloo.n	thalloo	phillips	s. m.	thalloo	phillips-1610
talwin	thallooin.a	thallooin	phillips	a. d.	thallooin	phillips-1610;questionable
tarn	tayrn.n	tayrn	phillips	s. m.	tayrn	phillips-1610;questionable
tarn	tayrn.v	tayrn	phillips	v.	tayrn	phillips-1610;questionable
taskey	tastey.n	tastey	phillips	s. m.	tastey	phillips-1610;questionable
tasky	tastey.n	tastey	phillips	s. m.	tastey	phillips-1610;questionable
tatnys	taitnys.n	taitnys	phillips	s. f.	taitnys	phillips-1610;questionable
teiyn	thie.n	thie	phillips	s. m.	thieyn	phillips-1610;questionable
treyfd	trooid.x	trooid	phillips	adv.	trooid	phillips-1610;questionable
treyg	treig.v	treig	phillips	v.	treig	phillips-1610;questionable
trogel	troggal.v	troggal	phillips	v.	troggal	phillips-1610;questionable
trogigi	trogg.v	trogg	phillips	v.	trogg	phillips-1610;questionable
tryeid	trooid.x	trooid	phillips	adv.	trooid	phillips-1610;questionable
tryid	trooid.x	trooid	phillips	adv.	trooid	phillips-1610;questionable
trynlas	tranlaase.n	tranlaase	phillips	s. f.	tranlaase	phillips-1610;questionable
trynlays	tranlaase.n	tranlaase	phillips	s. f.	tranlaase	phillips-1610;questionable
twigel	toiggal.v	toiggal	phillips	v.	toiggal	phillips-1610;questionable
twigel	toiggal.n	toiggal	phillips	s. f.	toiggal	phillips-1610;questionable
twitchym	tuittym.v	tuittym	phillips	v.	tuittym	phillips-1610;questionable
twitchym	tuittym.n	tuittym	phillips	s. m.	tuittym	phillips-1610;questionable
twsanyn	thousane.n	thousane	phillips	s. m.	thousaneyn	phillips-1610;questionable
us	uss.x	uss	phillips	pro.	uss	phillips-1610
vackin	fakin.v	fakin	phillips	v.	vakin	phillips-1610;questionable
vaghe	baghey.v	baghey	phillips	v.	vaghey	phillips-1610;questionable
vaick	faik.v	faik	phillips	v.	vaik	phillips-1610;questionable
valle	balley.x	balley	phillips	adv.	valley	phillips-1610;questionable
vanaght	bannaght.n	bannaght	phillips	s.	vannaght	phillips-1610;questionable
vayre	mayrey.a	mayrey	phillips	a. d.	vayrey	phillips-1610;questionable
vays	vaaish.n	vaaish	phillips	s.	vaaish	phillips-1610;questionable
vays	maaish.n	maaish	phillips	s.	vaaish	phillips-1610;questionable
vegg	veg.x	veg	phillips	pro.	veg	phillips-1610;questionable
vei	meih.n	meih	phillips	s.	veih	phillips-1610;questionable
vei	veih.x	veih	phillips	p. p.	veih	phillips-1610;questionable
veiys	mieys.n	mieys	phillips	s.	vieys	phillips-1610;questionable
veliyn	meil.n	meil	phillips	s.	veillyn	phillips-1610;questionable
vell	vel.v	vel	phillips	v.	vel	phillips-1610
verym	behr.v	behr	phillips	v.	ver	phillips-1610;questionable
verym	cur.v	cur	phillips		ver	phillips-1610;questionable
veyn	mean.n	mean	phillips	s.	vean	phillips-1610;questionable
viis	vees.v	vees	phillips	v.	vees	phillips-1610
vio	bio.a	bio	phillips	a.	bio	phillips-1610;questionable
vio	bio.v	bio	phillips	v.	bio	phillips-1610;questionable
vioghy	bioghey.v	bioghey	phillips	v.	vioghey	phillips-1610;questionable
vodagh	fod.x	fod	phillips		voddagh	phillips-1610;questionable
vodagh	foddagh.v	foddagh	phillips	v.	voddagh	phillips-1610;questionable
vodym	fod.x	fod	phillips		voddym	phillips-1610;questionable
vodym	voddym.x	voddym	phillips	p.	voddym	phillips-1610;questionable
voghre	moghrey.n	moghrey	phillips	s.	voghrey	phillips-1610;questionable
voiniyn	voin.x	voin	phillips	p. p.	voin	phillips-1610;questionable
voley	moylley.v	moylley	phillips	v.	voylley	phillips-1610;questionable
volly	moylley.v	moylley	phillips	v.	voylley	phillips-1610;questionable
voyms	voym.x	voym	phillips	p. p.	voym	phillips-1610;questionable
vrwinyssyn	vriwnyssyn.n	vriwnyssyn	phillips	s.	vriwnyssyn	phillips-1610;questionable
wil	ooill.n	ooill	phillips	s. f.	ooill	phillips-1610;questionable
wil	ooill.v	ooill	phillips	v.	ooill	phillips-1610;questionable
win	dooin.x	dooin	phillips	p. p.	dooin	phillips-1610;questionable
win	dooin.v	dooin	phillips	v. i.	dooin	phillips-1610;questionable
wlly	ooilley.a	ooilley	phillips	a.	ooilley	phillips-1610
wlly	ooilley.n	ooilley	phillips	s. m.	ooilley	phillips-1610
wraghy	ooraghey.v	ooraghey	phillips	v.	ooraghey	phillips-1610;questionable
wraghy	n'ooraghey.v	n'ooraghey	phillips	v.	ooraghey	phillips-1610;questionable
wyne	dooinney.n	dooinney	phillips	s. m.	dooinney	phillips-1610;questionable
wyskaghyn	ushtey.n	ushtey	phillips	s. m.	ushtaghyn	phillips-1610;questionable
yasly	ooashley.n	ooashley	phillips	s. m.	ooashley	phillips-1610;questionable
yi	y.x	y	phillips		y	phillips-1610;questionable
ymmish	mysh.x	mysh	phillips	p. p.	mysh	phillips-1610;questionable
ymmydi	ymmodee.a	ymmodee	phillips	a.	ymmodee	phillips-1610;questionable
ymmyrke	ymmyrkey.n	ymmyrkey	phillips	s.	ymmyrkey	phillips-1610;questionable
ymmyrtsagh	ymmyrchagh.a	ymmyrçhagh	phillips	a.	ymmyrchagh	phillips-1610;questionable
ymmyrtsagh	ymmyrchagh.n	ymmyrçhagh	phillips	s. m.	ymmyrchagh	phillips-1610;questionable
ynsi	ynsee.a	ynsee	phillips	a. d.	ynsee	phillips-1610;questionable
ynyd	ynnyd.n	ynnyd	phillips	s. f.	ynnyd	phillips-1610
yrje	syrjey.a	syrjey	phillips	a.	syrjey	phillips-1610;questionable
